-- MySQL dump 10.13  Distrib 8.0.20, for Win64 (x86_64)
--
-- Host: localhost    Database: phase3
-- ------------------------------------------------------
-- Server version	8.0.20

/*!40101 SET @OLD_CHARACTER_SET_CLIENT=@@CHARACTER_SET_CLIENT */;
/*!40101 SET @OLD_CHARACTER_SET_RESULTS=@@CHARACTER_SET_RESULTS */;
/*!40101 SET @OLD_COLLATION_CONNECTION=@@COLLATION_CONNECTION */;
/*!50503 SET NAMES utf8 */;
/*!40103 SET @OLD_TIME_ZONE=@@TIME_ZONE */;
/*!40103 SET TIME_ZONE='+00:00' */;
/*!40014 SET @OLD_UNIQUE_CHECKS=@@UNIQUE_CHECKS, UNIQUE_CHECKS=0 */;
/*!40014 SET @OLD_FOREIGN_KEY_CHECKS=@@FOREIGN_KEY_CHECKS, FOREIGN_KEY_CHECKS=0 */;
/*!40101 SET @OLD_SQL_MODE=@@SQL_MODE, SQL_MODE='NO_AUTO_VALUE_ON_ZERO' */;
/*!40111 SET @OLD_SQL_NOTES=@@SQL_NOTES, SQL_NOTES=0 */;

--
-- Table structure for table `course`
--

DROP TABLE IF EXISTS `course`;
/*!40101 SET @saved_cs_client     = @@character_set_client */;
/*!50503 SET character_set_client = utf8mb4 */;
CREATE TABLE `course` (
  `courseID` int NOT NULL,
  `Department` varchar(45) DEFAULT NULL,
  `creditHours` int DEFAULT NULL,
  `Name` varchar(45) DEFAULT NULL,
  PRIMARY KEY (`courseID`)
) ENGINE=InnoDB DEFAULT CHARSET=utf8mb4 COLLATE=utf8mb4_0900_ai_ci;
/*!40101 SET character_set_client = @saved_cs_client */;

--
-- Dumping data for table `course`
--

LOCK TABLES `course` WRITE;
/*!40000 ALTER TABLE `course` DISABLE KEYS */;
INSERT INTO `course` VALUES (1234,'Engineering',4,'Statics'),(2005,'English',3,'Writing'),(2125,'Business',2,'Economics'),(2234,'Engineering',3,'Dynamics'),(3005,'English',2,'Speech'),(3125,'Business',2,'Investing'),(3463,'Mathematics',4,'Linear Algebra'),(5463,'Mathematics',3,'Calculus III');
/*!40000 ALTER TABLE `course` ENABLE KEYS */;
UNLOCK TABLES;

--
-- Table structure for table `has`
--

DROP TABLE IF EXISTS `has`;
/*!40101 SET @saved_cs_client     = @@character_set_client */;
/*!50503 SET character_set_client = utf8mb4 */;
CREATE TABLE `has` (
  `CourseID` int NOT NULL,
  `SectionNumber` int NOT NULL,
  PRIMARY KEY (`CourseID`,`SectionNumber`),
  CONSTRAINT `course id ` FOREIGN KEY (`CourseID`) REFERENCES `course` (`courseID`)
) ENGINE=InnoDB DEFAULT CHARSET=utf8mb4 COLLATE=utf8mb4_0900_ai_ci;
/*!40101 SET character_set_client = @saved_cs_client */;

--
-- Dumping data for table `has`
--

LOCK TABLES `has` WRITE;
/*!40000 ALTER TABLE `has` DISABLE KEYS */;
INSERT INTO `has` VALUES (1234,123),(2005,155),(2125,411),(2234,1),(3005,24),(3125,335),(3463,222),(5463,405);
/*!40000 ALTER TABLE `has` ENABLE KEYS */;
UNLOCK TABLES;

--
-- Table structure for table `section`
--

DROP TABLE IF EXISTS `section`;
/*!40101 SET @saved_cs_client     = @@character_set_client */;
/*!50503 SET character_set_client = utf8mb4 */;
CREATE TABLE `section` (
  `SectionNumber` int NOT NULL,
  `ClassSize` int DEFAULT NULL,
  `Date` varchar(45) DEFAULT NULL,
  `Time` varchar(45) DEFAULT NULL,
  PRIMARY KEY (`SectionNumber`)
) ENGINE=InnoDB DEFAULT CHARSET=utf8mb4 COLLATE=utf8mb4_0900_ai_ci;
/*!40101 SET character_set_client = @saved_cs_client */;

--
-- Dumping data for table `section`
--

LOCK TABLES `section` WRITE;
/*!40000 ALTER TABLE `section` DISABLE KEYS */;
INSERT INTO `section` VALUES (1,65,'MWF','8AM-9AM'),(24,11,'MWF','3PM-4PM'),(123,40,'MWF','9AM-10AM'),(155,25,'TTH','4PM-5:15PM'),(222,54,'MWF','11AM-12PM'),(335,55,'MWF','1PM-2PM'),(405,63,'TTH','11AM-12:15PM'),(411,22,'TTH','9:30AM-10:45AM');
/*!40000 ALTER TABLE `section` ENABLE KEYS */;
UNLOCK TABLES;

--
-- Table structure for table `student`
--

DROP TABLE IF EXISTS `student`;
/*!40101 SET @saved_cs_client     = @@character_set_client */;
/*!50503 SET character_set_client = utf8mb4 */;
CREATE TABLE `student` (
  `idstudent` int NOT NULL,
  `Major` varchar(45) DEFAULT NULL,
  PRIMARY KEY (`idstudent`),
  CONSTRAINT `IDstudent` FOREIGN KEY (`idstudent`) REFERENCES `user` (`idUser`)
) ENGINE=InnoDB DEFAULT CHARSET=utf8mb4 COLLATE=utf8mb4_0900_ai_ci;
/*!40101 SET character_set_client = @saved_cs_client */;

--
-- Dumping data for table `student`
--

LOCK TABLES `student` WRITE;
/*!40000 ALTER TABLE `student` DISABLE KEYS */;
INSERT INTO `student` VALUES (12510114,'MechE'),(87654321,'English');
/*!40000 ALTER TABLE `student` ENABLE KEYS */;
UNLOCK TABLES;

--
-- Table structure for table `takes`
--

DROP TABLE IF EXISTS `takes`;
/*!40101 SET @saved_cs_client     = @@character_set_client */;
/*!50503 SET character_set_client = utf8mb4 */;
CREATE TABLE `takes` (
  `SectionNumber` int NOT NULL,
  `ID` int NOT NULL,
  `Grade` varchar(45) DEFAULT NULL,
  PRIMARY KEY (`SectionNumber`,`ID`),
  KEY `studentID_idx` (`ID`),
  CONSTRAINT `section number` FOREIGN KEY (`SectionNumber`) REFERENCES `section` (`SectionNumber`)
) ENGINE=InnoDB DEFAULT CHARSET=utf8mb4 COLLATE=utf8mb4_0900_ai_ci;
/*!40101 SET character_set_client = @saved_cs_client */;

--
-- Dumping data for table `takes`
--

LOCK TABLES `takes` WRITE;
/*!40000 ALTER TABLE `takes` DISABLE KEYS */;
INSERT INTO `takes` VALUES (123,12510114,'A'),(123,87654321,'D'),(155,12510114,'B'),(335,87654321,'B'),(405,12510114,'C'),(405,87654321,'F');
/*!40000 ALTER TABLE `takes` ENABLE KEYS */;
UNLOCK TABLES;

--
-- Table structure for table `teacher`
--

DROP TABLE IF EXISTS `teacher`;
/*!40101 SET @saved_cs_client     = @@character_set_client */;
/*!50503 SET character_set_client = utf8mb4 */;
CREATE TABLE `teacher` (
  `idTeacher` int NOT NULL,
  `Department` varchar(45) DEFAULT NULL,
  PRIMARY KEY (`idTeacher`),
  CONSTRAINT `IDTeacehr` FOREIGN KEY (`idTeacher`) REFERENCES `user` (`idUser`)
) ENGINE=InnoDB DEFAULT CHARSET=utf8mb4 COLLATE=utf8mb4_0900_ai_ci;
/*!40101 SET character_set_client = @saved_cs_client */;

--
-- Dumping data for table `teacher`
--

LOCK TABLES `teacher` WRITE;
/*!40000 ALTER TABLE `teacher` DISABLE KEYS */;
INSERT INTO `teacher` VALUES (10010011,'Business'),(12345678,'Engineering'),(22445566,'Mathematics'),(55555555,'English');
/*!40000 ALTER TABLE `teacher` ENABLE KEYS */;
UNLOCK TABLES;

--
-- Table structure for table `teaches`
--

DROP TABLE IF EXISTS `teaches`;
/*!40101 SET @saved_cs_client     = @@character_set_client */;
/*!50503 SET character_set_client = utf8mb4 */;
CREATE TABLE `teaches` (
  `ID` int NOT NULL,
  `SectionNumber` int NOT NULL,
  PRIMARY KEY (`ID`,`SectionNumber`),
  KEY `section#_idx` (`SectionNumber`),
  CONSTRAINT `section#` FOREIGN KEY (`SectionNumber`) REFERENCES `section` (`SectionNumber`),
  CONSTRAINT `Teacher ID` FOREIGN KEY (`ID`) REFERENCES `teacher` (`idTeacher`)
) ENGINE=InnoDB DEFAULT CHARSET=utf8mb4 COLLATE=utf8mb4_0900_ai_ci;
/*!40101 SET character_set_client = @saved_cs_client */;

--
-- Dumping data for table `teaches`
--

LOCK TABLES `teaches` WRITE;
/*!40000 ALTER TABLE `teaches` DISABLE KEYS */;
INSERT INTO `teaches` VALUES (12345678,123),(55555555,155),(10010011,335),(22445566,405);
/*!40000 ALTER TABLE `teaches` ENABLE KEYS */;
UNLOCK TABLES;

--
-- Table structure for table `user`
--

DROP TABLE IF EXISTS `user`;
/*!40101 SET @saved_cs_client     = @@character_set_client */;
/*!50503 SET character_set_client = utf8mb4 */;
CREATE TABLE `user` (
  `nameUser` varchar(45) DEFAULT NULL,
  `idUser` int NOT NULL,
  PRIMARY KEY (`idUser`)
) ENGINE=InnoDB DEFAULT CHARSET=utf8mb4 COLLATE=utf8mb4_0900_ai_ci;
/*!40101 SET character_set_client = @saved_cs_client */;

--
-- Dumping data for table `user`
--

LOCK TABLES `user` WRITE;
/*!40000 ALTER TABLE `user` DISABLE KEYS */;
INSERT INTO `user` VALUES ('Lund',10010011),('abcdef',12345678),('ejcxb6',12510114),('Brand',22445566),('Smith',55555555),('hannah',87654321);
/*!40000 ALTER TABLE `user` ENABLE KEYS */;
UNLOCK TABLES;
/*!40103 SET TIME_ZONE=@OLD_TIME_ZONE */;

/*!40101 SET SQL_MODE=@OLD_SQL_MODE */;
/*!40014 SET FOREIGN_KEY_CHECKS=@OLD_FOREIGN_KEY_CHECKS */;
/*!40014 SET UNIQUE_CHECKS=@OLD_UNIQUE_CHECKS */;
/*!40101 SET CHARACTER_SET_CLIENT=@OLD_CHARACTER_SET_CLIENT */;
/*!40101 SET CHARACTER_SET_RESULTS=@OLD_CHARACTER_SET_RESULTS */;
/*!40101 SET COLLATION_CONNECTION=@OLD_COLLATION_CONNECTION */;
/*!40111 SET SQL_NOTES=@OLD_SQL_NOTES */;

-- Dump completed on 2020-05-06  2:35:33
